id,name,model_id:id,group_id:id,perm_read,perm_write,perm_create,perm_unlink
access_job_crew,job.crew,model_job_crew,base.group_user,1,1,1,1
access_job_crew_line,job.crew.line,model_job_crew_line,base.group_user,1,1,1,1
access_vehicle_vehicle,vehicle.vehicle,model_vehicle_vehicle,base.group_user,1,1,1,1
access_submit_job_crew_line_wizard,submit.job.crew.line.wizard,model_submit_job_crew_line_wizard,base.group_user,1,1,1,1
access_gas_maintenance_vehicle,gas.maintenance.vehicle,model_gas_maintenance_vehicle,base.group_user,1,1,1,1
access_gas_maintenance_vendor_transfer,gas.maintenance.vendor.transfer,model_gas_maintenance_vendor_transfer,base.group_user,1,1,1,1
access_gas_maintenance_vendor,gas.maintenance.vendor,model_gas_maintenance_vendor,base.group_user,1,1,1,1
access_gas_maintenance_corporate,gas.maintenance.corporate,model_gas_maintenance_corporate,base.group_user,1,1,1,1
access_gas_report_line,gas.report.line,model_gas_report_line,base.group_user,1,1,1,1
access_job_crew_evidence,job.crew.evidence,model_job_crew_evidence,base.group_user,1,1,1,1
access_mom_request,mom.request,model_mom_request,base.group_user,1,1,1,1
access_mom_request_line,mom.request.line,model_mom_request_line,base.group_user,1,1,1,1
access_mom_request_divisi,mom.request.divisi,model_mom_request_divisi,base.group_user,1,1,1,1
access_mom_request_bu,mom.request.bu,model_mom_request_bu,base.group_user,1,1,1,1
access_mom_request_ajustment,mom.request.ajustment,model_mom_request_ajustment,base.group_user,1,1,1,1
